config_name,_mean
asakareh,0.00021997622790172883
asakareh_improved,0.0019310450813592034
suh,0.04292079511826017
suh_improved,0.4568927234816946
watson,0.003684367526468356
