config_name,_mean
asakareh,0.0014610522586170481
asakareh_improved,0.010456343553355044
suh,0.1364917131406237
suh_improved,0.3675985344184676
watson,0.010539377031224574
